[{"model": "bet.country", "pk": 1, "fields": {"name": "Україна", "code2": "UA", "code3": "UKR"}}, {"model": "bet.country", "pk": 2, "fields": {"name": "Англія", "code2": "EN", "code3": "ENG"}}, {"model": "bet.country", "pk": 3, "fields": {"name": "Іспанія", "code2": "ES", "code3": "ESP"}}, {"model": "bet.country", "pk": 4, "fields": {"name": "Італія", "code2": "IT", "code3": "ITA"}}, {"model": "bet.country", "pk": 5, "fields": {"name": "Німеччина", "code2": "DE", "code3": "DEU"}}, {"model": "bet.country", "pk": 6, "fields": {"name": "Франція", "code2": "FR", "code3": "FRA"}}, {"model": "bet.country", "pk": 7, "fields": {"name": "Нідерланди", "code2": "NL", "code3": "NLD"}}, {"model": "bet.country", "pk": 8, "fields": {"name": "УЄФА", "code2": "UE", "code3": "UEFA"}}, {"model": "bet.country", "pk": 9, "fields": {"name": "ФІФА", "code2": "FI", "code3": "FIFA"}}, {"model": "bet.sportkind", "pk": 1, "fields": {"name": "Футбол", "is_active": true}}, {"model": "bet.sportkind", "pk": 2, "fields": {"name": "Теніс", "is_active": true}}, {"model": "bet.sportkind", "pk": 34, "fields": {"name": "Баскетбол", "is_active": true}}, {"model": "bet.team", "pk": 1, "fields": {"name": "Челсі", "name_extended": "Челсі Лондон", "category": "CLUB", "sport_kind": 1, "country": 2}}, {"model": "bet.team", "pk": 2, "fields": {"name": "Арсенал", "name_extended": "Арсенал Лондон", "category": "CLUB", "sport_kind": 1, "country": 2}}, {"model": "bet.team", "pk": 3, "fields": {"name": "Ліверпуль", "name_extended": "Ліверпуль", "category": "CLUB", "sport_kind": 1, "country": 2}}, {"model": "bet.team", "pk": 4, "fields": {"name": "Манчестер Юнайтед", "name_extended": "Манчестер Юнайтед", "category": "CLUB", "sport_kind": 1, "country": 2}}, {"model": "bet.team", "pk": 5, "fields": {"name": "Манчестер Сіті", "name_extended": "Манчестер Сіті", "category": "CLUB", "sport_kind": 1, "country": 2}}, {"model": "bet.team", "pk": 6, "fields": {"name": "Інтер", "name_extended": "Інтер Мілан", "category": "CLUB", "sport_kind": 1, "country": 4}}, {"model": "bet.team", "pk": 7, "fields": {"name": "Рома", "name_extended": "Рома", "category": "CLUB", "sport_kind": 1, "country": 4}}, {"model": "bet.team", "pk": 8, "fields": {"name": "Ювентус", "name_extended": "Ювентус", "category": "CLUB", "sport_kind": 1, "country": 4}}, {"model": "bet.team", "pk": 9, "fields": {"name": "Мілан", "name_extended": "Мілан", "category": "CLUB", "sport_kind": 1, "country": 4}}, {"model": "bet.team", "pk": 10, "fields": {"name": "Баварія", "name_extended": "Баварія", "category": "CLUB", "sport_kind": 1, "country": 5}}, {"model": "bet.team", "pk": 11, "fields": {"name": "Борусія Д", "name_extended": "Борусія Дортмунд", "category": "CLUB", "sport_kind": 1, "country": 5}}, {"model": "bet.team", "pk": 12, "fields": {"name": "Барселона", "name_extended": "Барселона", "category": "CLUB", "sport_kind": 1, "country": 3}}, {"model": "bet.team", "pk": 13, "fields": {"name": "Реал Мадрид", "name_extended": "Реал Мадрид", "category": "CLUB", "sport_kind": 1, "country": 3}}, {"model": "bet.team", "pk": 14, "fields": {"name": "ПСЖ", "name_extended": "ПСЖ", "category": "CLUB", "sport_kind": 1, "country": 6}}, {"model": "bet.team", "pk": 15, "fields": {"name": "Монако", "name_extended": "Монако", "category": "CLUB", "sport_kind": 1, "country": 6}}, {"model": "bet.competitionbase", "pk": 1, "fields": {"name": "АПЛ", "sport_kind": 1, "country": 2}}, {"model": "bet.competitionbase", "pk": 2, "fields": {"name": "Ла-Ліга", "sport_kind": 1, "country": 3}}, {"model": "bet.competitionbase", "pk": 3, "fields": {"name": "Серія А", "sport_kind": 1, "country": 4}}, {"model": "bet.competitionbase", "pk": 4, "fields": {"name": "Бундесліга", "sport_kind": 1, "country": 5}}, {"model": "bet.competitionfootball", "pk": 1, "fields": {"category": "CLUB"}}, {"model": "bet.competitionfootball", "pk": 2, "fields": {"category": "CLUB"}}, {"model": "bet.competitionfootball", "pk": 3, "fields": {"category": "CLUB"}}, {"model": "bet.competitionfootball", "pk": 4, "fields": {"category": "CLUB"}}, {"model": "bet.betbase", "pk": 1, "fields": {"user": 1, "bet": "Ф1 (0)", "amount": "100.00", "coefficient": "1.50", "result": "Програш", "profit": "-1000.00", "sport_kind": 1, "date_game": "2023-10-25", "date_betting": "2023-10-30", "is_favourite": false}}, {"model": "bet.betbase", "pk": 2, "fields": {"user": 1, "bet": "П1", "amount": "200.00", "coefficient": "2.50", "result": "Повернення", "profit": "0.00", "sport_kind": 1, "date_game": "2023-10-29", "date_betting": "2023-10-30", "is_favourite": false}}, {"model": "bet.betbase", "pk": 34, "fields": {"user": 1, "bet": "ТБ 2.0", "amount": "200.00", "coefficient": "1.75", "result": "Виграш", "profit": "150.00", "sport_kind": 34, "date_game": "2023-10-31", "date_betting": "2023-10-31", "is_favourite": true}}, {"model": "bet.betbase", "pk": 35, "fields": {"user": 1, "bet": "1-Х", "amount": "350.00", "coefficient": "2.00", "result": "Виграш", "profit": "350.00", "sport_kind": 1, "date_game": "2023-10-10", "date_betting": "2023-10-31", "is_favourite": true}}, {"model": "bet.betfootball", "pk": 34, "fields": {"team_home": 13, "team_guest": 12, "bet_type": "1-X-2", "competition": 2, "game_status": "OFFICIAL", "is_home_guest": true}}, {"model": "bet.betfootball", "pk": 35, "fields": {"team_home": 1, "team_guest": 2, "bet_type": "1X-12-2X/", "competition": 1, "game_status": "OFFICIAL", "is_home_guest": true}}]